<?xml version="1.0" encoding="UTF-8"?>
<project-private xmlns="http://www.netbeans.org/ns/project-private/1">
    <editor-bookmarks xmlns="http://www.netbeans.org/ns/editor-bookmarks/2" lastBookmarkId="0"/>
    <open-files xmlns="http://www.netbeans.org/ns/projectui-open-files/2">
        <group>
            <file>file:/C:/Users/user/Documents/NetBeansProjects/ECommerceApp/web/register.jsp</file>
            <file>file:/C:/Users/user/Documents/NetBeansProjects/ECommerceApp/web/register_success.jsp</file>
            <file>file:/C:/Users/user/Documents/NetBeansProjects/ECommerceApp/web/register_fail.jsp</file>
            <file>file:/C:/Users/user/Documents/NetBeansProjects/ECommerceApp/web/login.jsp</file>
            <file>file:/C:/Users/user/Documents/NetBeansProjects/ECommerceApp/web/welcome.jsp</file>
            <file>file:/C:/Users/user/Documents/NetBeansProjects/ECommerceApp/web/login_fail.jsp</file>
            <file>file:/C:/Users/user/Documents/NetBeansProjects/ECommerceApp/web/products.jsp</file>
            <file>file:/C:/Users/user/Documents/NetBeansProjects/ECommerceApp/web/cart.jsp</file>
            <file>file:/C:/Users/user/Documents/NetBeansProjects/ECommerceApp/web/checkout.jsp</file>
            <file>file:/C:/Users/user/Documents/NetBeansProjects/ECommerceApp/web/my_orders.jsp</file>
            <file>file:/C:/Users/user/Documents/NetBeansProjects/ECommerceApp/web/admin_products.jsp</file>
            <file>file:/C:/Users/user/Documents/NetBeansProjects/ECommerceApp/web/add_product.jsp</file>
            <file>file:/C:/Users/user/Documents/NetBeansProjects/ECommerceApp/web/edit_product.jsp</file>
            <file>file:/C:/Users/user/Documents/NetBeansProjects/ECommerceApp/web/header.jsp</file>
            <file>file:/C:/Users/user/Documents/NetBeansProjects/ECommerceApp/web/footer.jsp</file>
            <file>file:/C:/Users/user/Documents/NetBeansProjects/ECommerceApp/web/assets/css/style.css</file>
            <file>file:/C:/Users/user/Documents/NetBeansProjects/ECommerceApp/src/java/com/ecommerce/dao/OrderDAO.java</file>
            <file>file:/C:/Users/user/Documents/NetBeansProjects/ECommerceApp/src/java/com/ecommerce/servlets/AdminOrdersServlet.java</file>
            <file>file:/C:/Users/user/Documents/NetBeansProjects/ECommerceApp/src/java/com/ecommerce/servlets/AdminOrderDetailsServlet.java</file>
            <file>file:/C:/Users/user/Documents/NetBeansProjects/ECommerceApp/web/admin_orders.jsp</file>
            <file>file:/C:/Users/user/Documents/NetBeansProjects/ECommerceApp/src/java/com/ecommerce/servlets/CheckoutServlet.java</file>
            <file>file:/C:/Users/user/Documents/NetBeansProjects/ECommerceApp/web/admin_order_details.jsp</file>
            <file>file:/C:/Users/user/Documents/NetBeansProjects/ECommerceApp/src/java/com/ecommerce/servlets/MyOrdersServlet.java</file>
            <file>file:/C:/Users/user/Documents/NetBeansProjects/ECommerceApp/src/java/com/ecommerce/servlets/LoginServlet.java</file>
            <file>file:/C:/Users/user/Documents/NetBeansProjects/ECommerceApp/src/java/com/ecommerce/dao/UserDAO.java</file>
            <file>file:/C:/Users/user/Documents/NetBeansProjects/ECommerceApp/src/java/com/ecommerce/model/User.java</file>
            <file>file:/C:/Users/user/Documents/NetBeansProjects/ECommerceApp/src/java/com/ecommerce/servlets/RegisterServlet.java</file>
        </group>
    </open-files>
</project-private>
